{
 "f1": {
  "rows": {
   "banking77": {
    "seed": 0.76,
    "x1": 0.81334,
    "x1ci": 0.011701807354421776,
    "x2": 0.84268,
    "x2ci": 0.013292413078143496,
    "gepa": 0.8133166666666667,
    "gci": 0.028318819813764193,
    "recov": 1.5507346045639254,
    "n_gepa": 6
   },
   "ag_news": {
    "seed": 0.83,
    "x1": 0.8367,
    "x1ci": 0.008765386471799183,
    "x2": 0.838,
    "x2ci": 0.00840494987492489,
    "gepa": 0.8627666666666667,
    "gci": 0.012548252751324034,
    "recov": 0.2441505595116987,
    "n_gepa": 6
   },
   "emotion": {
    "seed": 0.5633,
    "x1": 0.52268,
    "x1ci": 0.014795390763342487,
    "x2": 0.54666,
    "x2ci": 0.0058290149562340195,
    "gepa": 0.5533166666666667,
    "gci": 0.013695096287033226,
    "recov": 1.6667779632721171,
    "n_gepa": 6
   },
   "trec": {
    "seed": 0.6,
    "x1": 0.82332,
    "x1ci": 0.035292106367288405,
    "x2": 0.85198,
    "x2ci": 0.03205983689041476,
    "gepa": 0.8666833333333334,
    "gci": 0.0378072574679048,
    "recov": 0.9448659458783824,
    "n_gepa": 6
   },
   "clinc150": {
    "seed": 0.98,
    "x1": 0.98668,
    "x1ci": 0.00207649026966178,
    "x2": 0.98602,
    "x2ci": 0.0032047048912497455,
    "gepa": 0.98,
    "gci": 0.0,
    "recov": NaN,
    "n_gepa": 6
   },
   "massive": {
    "seed": 0.84,
    "x1": 0.85536,
    "x1ci": 0.014548376437252384,
    "x2": 0.86666,
    "x2ci": 0.01506073488778021,
    "gepa": 0.8639,
    "gci": 0.017792079256418198,
    "recov": 1.1154811715481163,
    "n_gepa": 6
   },
   "stance_abortion": {
    "seed": 0.5,
    "x1": 0.49642000000000003,
    "x1ci": 0.015948355120199705,
    "x2": 0.47284,
    "x2ci": 0.02805434482143541,
    "gepa": 0.6499666666666667,
    "gci": 0.03155647342640036,
    "recov": -0.18110691264725504,
    "n_gepa": 3
   },
   "sst5": {
    "seed": 0.5467,
    "x1": 0.58734,
    "x1ci": 0.026395648265575906,
    "x2": 0.5686599999999999,
    "x2ci": 0.021442489579337552,
    "gepa": 0.6189,
    "gci": 0.01744400000000004,
    "recov": 0.3041551246537392,
    "n_gepa": 3
   }
  },
  "means": {
   "seed": 0.7025,
   "x1": 0.74023,
   "x2": 0.7466875,
   "gepa": 0.77610625
  }
 },
 "f2": {
  "rows": {
   "banking77": {
    "seed": 0.7667,
    "x1": 0.8180000000000001,
    "x1ci": 0.010028230392247683,
    "x2": 0.81002,
    "x2ci": 0.024007671887128088,
    "gepa": 0.776,
    "gci": 0.01693762098997376,
    "recov": 4.658064516129036,
    "n_gepa": 5
   },
   "ag_news": {
    "seed": 0.8667,
    "x1": 0.83198,
    "x1ci": 0.025363142183885655,
    "x2": 0.85268,
    "x2ci": 0.0148342869002861,
    "gepa": 0.88002,
    "gci": 0.011316076592176294,
    "recov": -1.0525525525525552,
    "n_gepa": 5
   },
   "emotion": {
    "seed": 0.5533,
    "x1": 0.532,
    "x1ci": 0.014677508126381671,
    "x2": 0.568,
    "x2ci": 0.010009058137507269,
    "gepa": 0.54398,
    "gci": 0.01816290872740377,
    "recov": -1.5772532188841142,
    "n_gepa": 5
   },
   "trec": {
    "seed": 0.8267,
    "x1": 0.82732,
    "x1ci": 0.00810084858764808,
    "x2": 0.852,
    "x2ci": 0.012159742694646118,
    "gepa": 0.88064,
    "gci": 0.020915652152395332,
    "recov": 0.4690396737115312,
    "n_gepa": 5
   },
   "clinc150": {
    "seed": 0.98,
    "x1": 0.98332,
    "x1ci": 0.00207649026966178,
    "x2": 0.982,
    "x2ci": 0.0026215686906888506,
    "gepa": 0.98,
    "gci": 0.0,
    "recov": NaN,
    "n_gepa": 5
   },
   "massive": {
    "seed": 0.8333,
    "x1": 0.84932,
    "x1ci": 0.0069775449436030035,
    "x2": 0.86134,
    "x2ci": 0.015555116179572543,
    "gepa": 0.86732,
    "gci": 0.007276432356587953,
    "recov": 0.8242210464432688,
    "n_gepa": 5
   },
   "stance_abortion": {
    "seed": 0.5286,
    "x1": 0.6600199999999999,
    "x1ci": 0.011581493886368881,
    "x2": 0.66642,
    "x2ci": 0.040710120066637,
    "gepa": 0.68858,
    "gci": 0.036872825254379404,
    "recov": 0.8614826853356672,
    "n_gepa": 5
   },
   "sst5": {
    "seed": 0.58,
    "x1": 0.58266,
    "x1ci": 0.00910178923948474,
    "x2": 0.57468,
    "x2ci": 0.01453606617486314,
    "gepa": 0.57934,
    "gci": 0.0012935999999999879,
    "recov": NaN,
    "n_gepa": 5
   }
  },
  "means": {
   "seed": 0.7419125,
   "x1": 0.7605775,
   "x2": 0.7708925,
   "gepa": 0.774485
  }
 }
}